{"cameraMode":{"drawMode":0,"name":"Shaded","section":"Shading Mode"},"sceneLighting":true,"audioPlay":false,"sceneViewState":{"m_AlwaysRefresh":true,"showFog":true,"showSkybox":true,"showFlares":true,"showImageEffects":true,"showParticleSystems":true,"showVisualEffectGraphs":true,"m_FxEnabled":false},"in2DMode":false,"pivot":{"x":-17.659360885620118,"y":22.94500732421875,"z":204.77146911621095},"rotation":{"x":0.06093978509306908,"y":0.9353013634681702,"z":-0.28951212763786318,"w":0.19473563134670258},"size":30.49553108215332,"orthographic":false}